{
    "frames": [
        {
            "filename": "powerup_0",
            "frame": {
                "x": 0,
                "y": 0,
                "w": 16,
                "h": 16
            },
            "anchor": {
                "x": 0.5,
                "y": 0.5
            }
        },
        {
            "filename": "powerup_1",
            "frame": {
                "x": 16,
                "y": 0,
                "w": 16,
                "h": 16
            },
            "anchor": {
                "x": 0.5,
                "y": 0.5
            }
        },
        {
            "filename": "powerup_2",
            "frame": {
                "x": 32,
                "y": 0,
                "w": 16,
                "h": 16
            },
            "anchor": {
                "x": 0.5,
                "y": 0.5
            }
        },
        {
            "filename": "powerup_3",
            "frame": {
                "x": 48,
                "y": 0,
                "w": 16,
                "h": 16
            },
            "anchor": {
                "x": 0.5,
                "y": 0.5
            }
        },
        {
            "filename": "powerup_4",
            "frame": {
                "x": 64,
                "y": 0,
                "w": 16,
                "h": 16
            },
            "anchor": {
                "x": 0.5,
                "y": 0.5
            }
        },
        {
            "filename": "powerup_5",
            "frame": {
                "x": 80,
                "y": 0,
                "w": 16,
                "h": 16
            },
            "anchor": {
                "x": 0.5,
                "y": 0.5
            }
        },
        {
            "filename": "powerup_6",
            "frame": {
                "x": 96,
                "y": 0,
                "w": 16,
                "h": 16
            },
            "anchor": {
                "x": 0.5,
                "y": 0.5
            }
        },
        {
            "filename": "powerup_7",
            "frame": {
                "x": 112,
                "y": 0,
                "w": 16,
                "h": 16
            },
            "anchor": {
                "x": 0.5,
                "y": 0.5
            }
        }
    ],
    "meta": {
        "description": "Atlas generado con Atlas Packer Phaser3",
        "web": "https://gammafp.github.io/atlas-packer-phaser/"
    }
}