{
    "frames": [
        {
            "filename": "instructions-sheet352-208_0",
            "frame": {
                "x": 0,
                "y": 0,
                "w": 352,
                "h": 208
            },
            "anchor": {
                "x": 0.5,
                "y": 0.5
            }
        },
        {
            "filename": "instructions-sheet352-208_1",
            "frame": {
                "x": 352,
                "y": 0,
                "w": 352,
                "h": 208
            },
            "anchor": {
                "x": 0.5,
                "y": 0.5
            }
        },
        {
            "filename": "instructions-sheet352-208_2",
            "frame": {
                "x": 0,
                "y": 208,
                "w": 352,
                "h": 208
            },
            "anchor": {
                "x": 0.5,
                "y": 0.5
            }
        },
        {
            "filename": "instructions-sheet352-208_3",
            "frame": {
                "x": 352,
                "y": 208,
                "w": 352,
                "h": 208
            },
            "anchor": {
                "x": 0.5,
                "y": 0.5
            }
        }
    ],
    "meta": {
        "description": "Atlas generado con Atlas Packer Phaser3",
        "web": "https://gammafp.github.io/atlas-packer-phaser/"
    }
}