{
    "frames": [
        {
            "filename": "title-anim138x70_0",
            "frame": {
                "x": 0,
                "y": 0,
                "w": 138,
                "h": 70
            },
            "anchor": {
                "x": 0.5,
                "y": 0.5
            }
        },
        {
            "filename": "title-anim138x70_1",
            "frame": {
                "x": 138,
                "y": 0,
                "w": 138,
                "h": 70
            },
            "anchor": {
                "x": 0.5,
                "y": 0.5
            }
        },
        {
            "filename": "title-anim138x70_2",
            "frame": {
                "x": 276,
                "y": 0,
                "w": 138,
                "h": 70
            },
            "anchor": {
                "x": 0.5,
                "y": 0.5
            }
        },
        {
            "filename": "title-anim138x70_3",
            "frame": {
                "x": 414,
                "y": 0,
                "w": 138,
                "h": 70
            },
            "anchor": {
                "x": 0.5,
                "y": 0.5
            }
        }
    ],
    "meta": {
        "description": "Atlas generado con Atlas Packer Phaser3",
        "web": "https://gammafp.github.io/atlas-packer-phaser/"
    }
}