{ "height":13,
 "infinite":false,
 "layers":[
        {
         "data":[0, 0, 0, 0, 0, 0, 0, 0, 0, 0, 0, 0, 0, 0, 0, 0, 0, 0, 0, 0, 27, 0, 1, 18, 2, 17, 2, 18, 2, 17, 2, 18, 2, 17, 18, 18, 2, 17, 18, 2, 18, 2, 34, 7, 9, 9, 9, 9, 9, 9, 9, 9, 9, 9, 9, 9, 9, 9, 9, 9, 9, 9, 9, 9, 9, 9, 25, 23, 25, 23, 24, 23, 25, 23, 25, 23, 24, 23, 25, 23, 25, 23, 24, 23, 25, 23, 25, 23, 0, 0, 0, 0, 0, 7, 0, 0, 0, 0, 7, 0, 0, 0, 1, 36, 2147483649, 0, 0, 0, 0, 0, 0, 0, 0, 57, 59, 0, 0, 0, 0, 0, 0, 0, 0, 0, 8, 44, 2147483656, 0, 0, 7, 0, 0, 0, 0, 0, 64, 66, 0, 53, 3, 17, 2147483651, 0, 0, 0, 0, 29, 33, 2147483677, 0, 0, 0, 0, 0, 0, 7, 0, 46, 46, 0, 53, 10, 11, 2147483658, 0, 40, 0, 0, 50, 22, 2147483698, 0, 0, 0, 0, 0, 0, 28, 0, 52, 52, 0, 0, 0, 0, 0, 0, 47, 0, 0, 50, 22, 2147483698, 0, 0, 0, 0, 0, 0, 0, 0, 1, 2147483651, 0, 0, 0, 0, 0, 52, 54, 0, 0, 55, 56, 2147483703, 0, 0, 0, 0, 0, 0, 0, 0, 8, 43, 5, 6, 6, 6, 6, 2147483653, 51, 0, 0, 0, 0, 0, 0, 0, 0, 27, 0, 18, 14, 17, 29, 31, 12, 13, 2147483661, 13, 2147483661, 2147483660, 51, 57, 59, 2, 7, 18, 2, 5, 2147483653, 34, 7, 8, 9, 9, 50, 22, 19, 20, 2147483668, 20, 2147483668, 2147483667, 22, 12, 2147483660, 9, 9, 9, 9, 12, 2147483660, 9, 9],
         "height":13,
         "id":1,
         "name":"Tile Layer 1",
         "opacity":1,
         "type":"tilelayer",
         "visible":true,
         "width":22,
         "x":0,
         "y":0
        }],
 "nextlayerid":2,
 "nextobjectid":1,
 "orientation":"orthogonal",
 "renderorder":"right-down",
 "tiledversion":"1.2.3",
 "tileheight":16,
 "tilesets":[
        {
         "columns":7,
         "firstgid":1,
         "image":"..\/tileset.png",
         "imageheight":160,
         "imagewidth":112,
         "margin":0,
         "name":"tileset",
         "spacing":0,
         "tilecount":70,
         "tileheight":16,
         "tilewidth":16
        }],
 "tilewidth":16,
 "type":"map",
 "version":1.2,
 "width":22
}