{ "height":13,
 "infinite":false,
 "layers":[
        {
         "data":[0, 0, 0, 0, 0, 0, 0, 0, 0, 0, 0, 0, 0, 0, 0, 0, 0, 0, 0, 0, 27, 0, 1, 18, 2, 17, 2, 18, 2, 17, 2, 18, 2, 17, 18, 18, 2, 17, 18, 2, 18, 2, 34, 7, 9, 9, 9, 9, 9, 9, 9, 9, 9, 9, 9, 9, 9, 9, 9, 9, 9, 9, 9, 9, 9, 9, 25, 23, 25, 23, 24, 23, 25, 23, 25, 23, 24, 23, 25, 23, 25, 23, 24, 23, 25, 23, 25, 23, 0, 7, 0, 0, 0, 52, 52, 0, 0, 0, 52, 52, 0, 0, 52, 52, 52, 0, 22, 22, 22, 0, 0, 28, 0, 22, 28, 28, 28, 28, 22, 22, 22, 22, 22, 22, 52, 22, 52, 0, 22, 52, 22, 0, 0, 7, 52, 52, 52, 0, 53, 52, 52, 0, 52, 0, 0, 0, 52, 22, 52, 0, 22, 0, 0, 0, 0, 28, 52, 22, 28, 28, 28, 28, 22, 22, 52, 22, 22, 22, 52, 22, 22, 22, 22, 0, 0, 0, 0, 7, 53, 53, 53, 53, 53, 0, 0, 0, 52, 52, 52, 22, 52, 52, 52, 52, 0, 0, 0, 0, 0, 28, 0, 1, 2147483649, 53, 53, 52, 52, 0, 52, 52, 52, 22, 22, 22, 52, 22, 22, 0, 0, 0, 0, 0, 0, 10, 2147483658, 0, 1, 3, 17, 40, 2147483649, 52, 52, 52, 52, 0, 0, 0, 0, 0, 27, 0, 18, 14, 17, 2147483649, 5, 2147483653, 8, 9, 9, 9, 2147483656, 5, 6, 6, 6, 6, 6, 6, 2147483653, 2, 34, 7, 8, 9, 9, 9, 12, 2147483660, 15, 16, 2147483664, 16, 2147483663, 12, 2147483661, 13, 2147483661, 13, 2147483661, 13, 2147483660, 9, 9, 9],
         "height":13,
         "id":1,
         "name":"Tile Layer 1",
         "opacity":1,
         "type":"tilelayer",
         "visible":true,
         "width":22,
         "x":0,
         "y":0
        }],
 "nextlayerid":2,
 "nextobjectid":1,
 "orientation":"orthogonal",
 "renderorder":"right-down",
 "tiledversion":"1.2.3",
 "tileheight":16,
 "tilesets":[
        {
         "columns":7,
         "firstgid":1,
         "image":"..\/tileset.png",
         "imageheight":160,
         "imagewidth":112,
         "margin":0,
         "name":"tileset",
         "spacing":0,
         "tilecount":70,
         "tileheight":16,
         "tilewidth":16
        }],
 "tilewidth":16,
 "type":"map",
 "version":1.2,
 "width":22
}