{ "height":13,
 "infinite":false,
 "layers":[
        {
         "data":[0, 0, 0, 0, 0, 0, 0, 0, 0, 0, 0, 0, 0, 0, 0, 0, 0, 0, 0, 0, 27, 0, 1, 18, 2, 17, 2, 18, 2, 17, 2, 18, 2, 17, 18, 18, 2, 17, 18, 2, 18, 2, 34, 7, 9, 9, 9, 9, 9, 9, 9, 9, 9, 9, 9, 9, 9, 9, 9, 9, 9, 9, 9, 9, 9, 9, 25, 23, 25, 23, 24, 23, 25, 23, 25, 23, 24, 23, 25, 23, 25, 23, 24, 23, 25, 23, 25, 23, 0, 0, 0, 0, 0, 0, 0, 0, 0, 0, 0, 0, 0, 0, 52, 52, 52, 37, 38, 0, 7, 0, 1, 2, 52, 52, 4, 6, 4, 6, 40, 57, 2147483705, 40, 53, 37, 52, 52, 52, 8, 2147483656, 0, 0, 0, 8, 2147483656, 52, 52, 47, 13, 47, 13, 47, 64, 66, 47, 53, 47, 57, 2147483705, 52, 55, 2147483698, 0, 0, 0, 15, 2147483663, 52, 52, 15, 20, 51, 20, 2147483698, 52, 52, 54, 53, 2147483702, 64, 66, 52, 7, 51, 0, 0, 0, 55, 2147483703, 0, 52, 55, 56, 56, 56, 2147483703, 0, 0, 49, 46, 49, 52, 52, 52, 8, 51, 0, 0, 0, 0, 0, 0, 40, 46, 52, 36, 0, 2, 0, 0, 52, 52, 52, 52, 52, 52, 55, 2147483703, 0, 0, 0, 0, 0, 0, 47, 52, 4, 47, 4, 47, 5, 2147483653, 52, 52, 52, 52, 0, 52, 52, 53, 0, 27, 0, 18, 14, 17, 51, 1, 8, 2147483663, 9, 15, 12, 2147483660, 36, 2, 2147483649, 5, 6, 2147483653, 18, 17, 37, 34, 7, 8, 9, 9, 51, 43, 29, 22, 16, 22, 19, 2147483667, 43, 44, 45, 12, 13, 2147483660, 8, 44, 9, 9, 45],
         "height":13,
         "id":1,
         "name":"Tile Layer 1",
         "opacity":1,
         "type":"tilelayer",
         "visible":true,
         "width":22,
         "x":0,
         "y":0
        }],
 "nextlayerid":2,
 "nextobjectid":1,
 "orientation":"orthogonal",
 "renderorder":"right-down",
 "tiledversion":"1.2.3",
 "tileheight":16,
 "tilesets":[
        {
         "columns":7,
         "firstgid":1,
         "image":"..\/tileset.png",
         "imageheight":160,
         "imagewidth":112,
         "margin":0,
         "name":"tileset",
         "spacing":0,
         "tilecount":70,
         "tileheight":16,
         "tilewidth":16
        }],
 "tilewidth":16,
 "type":"map",
 "version":1.2,
 "width":22
}