{ "height":13,
 "infinite":false,
 "layers":[
        {
         "data":[0, 0, 0, 0, 0, 0, 0, 0, 0, 0, 0, 0, 0, 0, 0, 0, 0, 0, 0, 0, 27, 0, 2, 17, 2, 2, 36, 18, 37, 2, 17, 2, 2, 36, 2, 2, 2, 38, 17, 37, 2147483666, 36, 34, 7, 9, 9, 9, 9, 43, 9, 44, 9, 45, 9, 9, 43, 9, 9, 9, 45, 9, 44, 9, 43, 9, 9, 25, 24, 23, 25, 23, 23, 23, 23, 24, 23, 23, 25, 24, 23, 25, 23, 23, 23, 24, 23, 23, 25, 0, 0, 0, 0, 0, 0, 0, 0, 57, 58, 59, 36, 0, 0, 0, 0, 18, 0, 0, 0, 0, 0, 0, 0, 0, 0, 0, 0, 0, 0, 64, 65, 66, 43, 0, 0, 0, 0, 47, 0, 0, 0, 0, 0, 0, 0, 0, 57, 58, 59, 17, 0, 0, 0, 0, 0, 0, 0, 0, 0, 54, 0, 0, 57, 58, 59, 0, 0, 0, 64, 65, 66, 28, 0, 0, 0, 0, 0, 40, 0, 0, 0, 51, 0, 0, 64, 65, 66, 59, 21, 0, 0, 0, 0, 0, 0, 1, 17, 0, 0, 47, 5, 6, 2147483653, 51, 0, 21, 0, 0, 0, 66, 28, 0, 0, 0, 0, 0, 0, 8, 2147483656, 5, 2147483653, 54, 12, 13, 2147483660, 51, 0, 28, 0, 0, 0, 0, 0, 0, 18, 37, 2147483649, 0, 0, 15, 2147483663, 12, 2147483660, 50, 19, 20, 2147483667, 2147483698, 5, 6, 2147483653, 27, 0, 38, 14, 2, 8, 44, 2147483656, 5, 2147483653, 50, 2147483698, 19, 2147483667, 50, 22, 22, 22, 2147483698, 12, 13, 2147483660, 34, 7, 45, 9, 9, 15, 16, 2147483663, 12, 2147483660, 50, 2147483698, 22, 2147483670, 50, 22, 22, 22, 2147483698, 19, 20, 2147483667, 45, 9],
         "height":13,
         "id":1,
         "name":"Tiles",
         "opacity":1,
         "type":"tilelayer",
         "visible":true,
         "width":22,
         "x":0,
         "y":0
        }],
 "nextlayerid":2,
 "nextobjectid":1,
 "orientation":"orthogonal",
 "renderorder":"right-down",
 "tiledversion":"1.2.4",
 "tileheight":16,
 "tilesets":[
        {
         "columns":7,
         "firstgid":1,
         "image":"..\/..\/..\/tileset.png",
         "imageheight":160,
         "imagewidth":112,
         "margin":0,
         "name":"tileset",
         "spacing":0,
         "tilecount":70,
         "tileheight":16,
         "tiles":[
                {
                 "id":7,
                 "properties":[
                        {
                         "name":"collides",
                         "type":"bool",
                         "value":true
                        }]
                }, 
                {
                 "id":8,
                 "properties":[
                        {
                         "name":"collides",
                         "type":"bool",
                         "value":true
                        }]
                }, 
                {
                 "id":9,
                 "properties":[
                        {
                         "name":"collides",
                         "type":"bool",
                         "value":true
                        }]
                }, 
                {
                 "id":10,
                 "properties":[
                        {
                         "name":"collides",
                         "type":"bool",
                         "value":true
                        }]
                }, 
                {
                 "id":14,
                 "properties":[
                        {
                         "name":"collides",
                         "type":"bool",
                         "value":true
                        }]
                }, 
                {
                 "id":15,
                 "properties":[
                        {
                         "name":"collides",
                         "type":"bool",
                         "value":true
                        }]
                }, 
                {
                 "id":21,
                 "properties":[
                        {
                         "name":"collides",
                         "type":"bool",
                         "value":true
                        }]
                }, 
                {
                 "id":27,
                 "properties":[
                        {
                         "name":"collides",
                         "type":"bool",
                         "value":true
                        }]
                }, 
                {
                 "id":28,
                 "properties":[
                        {
                         "name":"collides",
                         "type":"bool",
                         "value":true
                        }]
                }, 
                {
                 "id":30,
                 "properties":[
                        {
                         "name":"collides",
                         "type":"bool",
                         "value":true
                        }]
                }, 
                {
                 "id":31,
                 "properties":[
                        {
                         "name":"collides",
                         "type":"bool",
                         "value":true
                        }]
                }, 
                {
                 "id":32,
                 "properties":[
                        {
                         "name":"collides",
                         "type":"bool",
                         "value":true
                        }]
                }, 
                {
                 "id":42,
                 "properties":[
                        {
                         "name":"collides",
                         "type":"bool",
                         "value":true
                        }]
                }, 
                {
                 "id":43,
                 "properties":[
                        {
                         "name":"collides",
                         "type":"bool",
                         "value":true
                        }]
                }, 
                {
                 "id":44,
                 "properties":[
                        {
                         "name":"collides",
                         "type":"bool",
                         "value":true
                        }]
                }, 
                {
                 "id":46,
                 "properties":[
                        {
                         "name":"collides",
                         "type":"bool",
                         "value":true
                        }]
                }, 
                {
                 "id":48,
                 "properties":[
                        {
                         "name":"collides",
                         "type":"bool",
                         "value":true
                        }]
                }, 
                {
                 "id":49,
                 "properties":[
                        {
                         "name":"collides",
                         "type":"bool",
                         "value":true
                        }]
                }, 
                {
                 "id":50,
                 "properties":[
                        {
                         "name":"collides",
                         "type":"bool",
                         "value":true
                        }]
                }, 
                {
                 "id":53,
                 "properties":[
                        {
                         "name":"collides",
                         "type":"bool",
                         "value":true
                        }]
                }, 
                {
                 "id":54,
                 "properties":[
                        {
                         "name":"collides",
                         "type":"bool",
                         "value":true
                        }]
                }, 
                {
                 "id":55,
                 "properties":[
                        {
                         "name":"collides",
                         "type":"bool",
                         "value":true
                        }]
                }],
         "tilewidth":16
        }],
 "tilewidth":16,
 "type":"map",
 "version":1.2,
 "width":22
}