{ "height":13,
 "infinite":false,
 "layers":[
        {
         "data":[0, 0, 0, 0, 0, 0, 0, 0, 0, 0, 0, 0, 0, 0, 0, 0, 0, 0, 0, 0, 27, 0, 2, 17, 2, 2, 36, 18, 37, 2, 17, 2, 2, 36, 2, 2, 2, 38, 17, 37, 2147483666, 36, 34, 7, 9, 9, 9, 9, 43, 9, 44, 9, 45, 9, 9, 43, 9, 9, 9, 45, 9, 44, 9, 9, 9, 9, 25, 24, 23, 25, 23, 23, 23, 23, 24, 23, 23, 25, 24, 23, 25, 24, 23, 23, 24, 23, 25, 24, 0, 0, 0, 0, 0, 0, 0, 0, 0, 0, 0, 0, 0, 0, 0, 0, 0, 0, 1, 2147483649, 0, 60, 0, 0, 3, 4, 60, 21, 60, 21, 60, 21, 60, 21, 60, 21, 60, 21, 60, 21, 8, 2147483656, 0, 67, 2147483649, 0, 10, 2147483692, 67, 28, 67, 28, 67, 28, 67, 28, 67, 28, 67, 28, 67, 28, 29, 2147483663, 0, 0, 2147483656, 2147483649, 0, 0, 0, 0, 0, 0, 0, 0, 0, 0, 0, 0, 0, 0, 0, 0, 50, 2147483698, 0, 0, 2147483663, 2147483656, 21, 60, 3, 2147483652, 60, 3, 2147483651, 60, 3, 2147483651, 60, 3, 2147483652, 2147483651, 0, 0, 50, 2147483698, 60, 0, 22, 2147483703, 28, 67, 10, 2147483692, 67, 10, 2147483658, 67, 10, 2147483658, 67, 10, 44, 2147483658, 0, 0, 50, 2147483698, 67, 0, 2147483698, 0, 0, 0, 0, 0, 0, 0, 0, 0, 0, 0, 0, 0, 0, 0, 0, 1, 50, 2147483698, 27, 0, 2147483698, 14, 2, 36, 2147483649, 60, 1, 2, 2147483649, 60, 1, 2, 2147483649, 60, 1, 37, 2, 8, 50, 2147483698, 34, 7, 2147483698, 9, 9, 43, 2147483656, 13, 8, 9, 2147483656, 13, 8, 9, 2147483656, 13, 8, 44, 9, 15, 50, 2147483698, 45, 9],
         "height":13,
         "id":1,
         "name":"Tiles",
         "opacity":1,
         "type":"tilelayer",
         "visible":true,
         "width":22,
         "x":0,
         "y":0
        }],
 "nextlayerid":2,
 "nextobjectid":1,
 "orientation":"orthogonal",
 "renderorder":"right-down",
 "tiledversion":"1.2.4",
 "tileheight":16,
 "tilesets":[
        {
         "columns":7,
         "firstgid":1,
         "image":"..\/..\/..\/tileset.png",
         "imageheight":160,
         "imagewidth":112,
         "margin":0,
         "name":"tileset",
         "spacing":0,
         "tilecount":70,
         "tileheight":16,
         "tiles":[
                {
                 "id":7,
                 "properties":[
                        {
                         "name":"collides",
                         "type":"bool",
                         "value":true
                        }]
                }, 
                {
                 "id":8,
                 "properties":[
                        {
                         "name":"collides",
                         "type":"bool",
                         "value":true
                        }]
                }, 
                {
                 "id":9,
                 "properties":[
                        {
                         "name":"collides",
                         "type":"bool",
                         "value":true
                        }]
                }, 
                {
                 "id":10,
                 "properties":[
                        {
                         "name":"collides",
                         "type":"bool",
                         "value":true
                        }]
                }, 
                {
                 "id":14,
                 "properties":[
                        {
                         "name":"collides",
                         "type":"bool",
                         "value":true
                        }]
                }, 
                {
                 "id":15,
                 "properties":[
                        {
                         "name":"collides",
                         "type":"bool",
                         "value":true
                        }]
                }, 
                {
                 "id":21,
                 "properties":[
                        {
                         "name":"collides",
                         "type":"bool",
                         "value":true
                        }]
                }, 
                {
                 "id":27,
                 "properties":[
                        {
                         "name":"collides",
                         "type":"bool",
                         "value":true
                        }]
                }, 
                {
                 "id":28,
                 "properties":[
                        {
                         "name":"collides",
                         "type":"bool",
                         "value":true
                        }]
                }, 
                {
                 "id":30,
                 "properties":[
                        {
                         "name":"collides",
                         "type":"bool",
                         "value":true
                        }]
                }, 
                {
                 "id":31,
                 "properties":[
                        {
                         "name":"collides",
                         "type":"bool",
                         "value":true
                        }]
                }, 
                {
                 "id":32,
                 "properties":[
                        {
                         "name":"collides",
                         "type":"bool",
                         "value":true
                        }]
                }, 
                {
                 "id":42,
                 "properties":[
                        {
                         "name":"collides",
                         "type":"bool",
                         "value":true
                        }]
                }, 
                {
                 "id":43,
                 "properties":[
                        {
                         "name":"collides",
                         "type":"bool",
                         "value":true
                        }]
                }, 
                {
                 "id":44,
                 "properties":[
                        {
                         "name":"collides",
                         "type":"bool",
                         "value":true
                        }]
                }, 
                {
                 "id":46,
                 "properties":[
                        {
                         "name":"collides",
                         "type":"bool",
                         "value":true
                        }]
                }, 
                {
                 "id":48,
                 "properties":[
                        {
                         "name":"collides",
                         "type":"bool",
                         "value":true
                        }]
                }, 
                {
                 "id":49,
                 "properties":[
                        {
                         "name":"collides",
                         "type":"bool",
                         "value":true
                        }]
                }, 
                {
                 "id":50,
                 "properties":[
                        {
                         "name":"collides",
                         "type":"bool",
                         "value":true
                        }]
                }, 
                {
                 "id":53,
                 "properties":[
                        {
                         "name":"collides",
                         "type":"bool",
                         "value":true
                        }]
                }, 
                {
                 "id":54,
                 "properties":[
                        {
                         "name":"collides",
                         "type":"bool",
                         "value":true
                        }]
                }, 
                {
                 "id":55,
                 "properties":[
                        {
                         "name":"collides",
                         "type":"bool",
                         "value":true
                        }]
                }],
         "tilewidth":16
        }],
 "tilewidth":16,
 "type":"map",
 "version":1.2,
 "width":22
}