{ "height":13,
 "infinite":false,
 "layers":[
        {
         "data":[0, 0, 0, 0, 0, 0, 0, 0, 0, 0, 0, 0, 0, 0, 0, 0, 0, 0, 0, 0, 27, 0, 2, 17, 2, 2, 36, 18, 37, 2, 17, 2, 2, 36, 2, 2, 2, 38, 17, 37, 2147483666, 36, 34, 7, 9, 9, 9, 9, 43, 9, 44, 9, 45, 9, 9, 43, 9, 9, 9, 45, 9, 44, 9, 43, 9, 9, 25, 24, 23, 23, 23, 23, 25, 23, 24, 23, 23, 25, 24, 23, 23, 25, 23, 23, 24, 23, 23, 25, 38, 2147483651, 0, 0, 1, 38, 2147483685, 2147483649, 0, 0, 40, 0, 0, 1, 37, 18, 0, 0, 0, 60, 0, 0, 45, 2147483658, 0, 0, 8, 45, 2147483692, 2147483656, 60, 1, 47, 2147483649, 60, 8, 44, 2147483656, 60, 3, 2147483651, 67, 0, 0, 0, 0, 3, 18, 15, 16, 25, 23, 67, 8, 54, 2147483656, 67, 23, 23, 30, 67, 10, 2147483658, 0, 1, 2, 0, 0, 10, 11, 50, 2147483698, 0, 0, 0, 2147483678, 23, 30, 0, 0, 0, 0, 0, 0, 0, 0, 8, 9, 2147483649, 0, 0, 0, 50, 2147483698, 0, 0, 3, 36, 2147483651, 60, 3, 17, 2147483651, 0, 2147483666, 4, 2147483651, 60, 15, 16, 2147483656, 2147483651, 0, 0, 50, 2147483698, 0, 0, 10, 43, 2147483658, 67, 10, 11, 2147483658, 0, 10, 11, 2147483658, 67, 55, 56, 2147483663, 2147483658, 0, 1, 50, 2147483698, 0, 0, 0, 0, 0, 0, 0, 0, 0, 0, 0, 0, 0, 0, 27, 0, 2147483698, 14, 37, 8, 50, 2147483698, 2, 2147483685, 17, 2, 38, 5, 6, 2147483653, 1, 2, 2147483665, 36, 37, 2, 34, 7, 2147483698, 9, 44, 15, 22, 22, 9, 2147483692, 9, 9, 45, 12, 13, 2147483660, 8, 9, 9, 43, 44, 9, 9, 9],
         "height":13,
         "id":1,
         "name":"Tiles",
         "opacity":1,
         "type":"tilelayer",
         "visible":true,
         "width":22,
         "x":0,
         "y":0
        }],
 "nextlayerid":9,
 "nextobjectid":1,
 "orientation":"orthogonal",
 "renderorder":"right-down",
 "tiledversion":"1.2.4",
 "tileheight":16,
 "tilesets":[
        {
         "columns":7,
         "firstgid":1,
         "image":"..\/..\/..\/tileset.png",
         "imageheight":160,
         "imagewidth":112,
         "margin":0,
         "name":"tileset",
         "spacing":0,
         "tilecount":70,
         "tileheight":16,
         "tiles":[
                {
                 "id":7,
                 "properties":[
                        {
                         "name":"collides",
                         "type":"bool",
                         "value":true
                        }]
                }, 
                {
                 "id":8,
                 "properties":[
                        {
                         "name":"collides",
                         "type":"bool",
                         "value":true
                        }]
                }, 
                {
                 "id":9,
                 "properties":[
                        {
                         "name":"collides",
                         "type":"bool",
                         "value":true
                        }]
                }, 
                {
                 "id":10,
                 "properties":[
                        {
                         "name":"collides",
                         "type":"bool",
                         "value":true
                        }]
                }, 
                {
                 "id":14,
                 "properties":[
                        {
                         "name":"collides",
                         "type":"bool",
                         "value":true
                        }]
                }, 
                {
                 "id":15,
                 "properties":[
                        {
                         "name":"collides",
                         "type":"bool",
                         "value":true
                        }]
                }, 
                {
                 "id":21,
                 "properties":[
                        {
                         "name":"collides",
                         "type":"bool",
                         "value":true
                        }]
                }, 
                {
                 "id":27,
                 "properties":[
                        {
                         "name":"collides",
                         "type":"bool",
                         "value":true
                        }]
                }, 
                {
                 "id":28,
                 "properties":[
                        {
                         "name":"collides",
                         "type":"bool",
                         "value":true
                        }]
                }, 
                {
                 "id":30,
                 "properties":[
                        {
                         "name":"collides",
                         "type":"bool",
                         "value":true
                        }]
                }, 
                {
                 "id":31,
                 "properties":[
                        {
                         "name":"collides",
                         "type":"bool",
                         "value":true
                        }]
                }, 
                {
                 "id":32,
                 "properties":[
                        {
                         "name":"collides",
                         "type":"bool",
                         "value":true
                        }]
                }, 
                {
                 "id":42,
                 "properties":[
                        {
                         "name":"collides",
                         "type":"bool",
                         "value":true
                        }]
                }, 
                {
                 "id":43,
                 "properties":[
                        {
                         "name":"collides",
                         "type":"bool",
                         "value":true
                        }]
                }, 
                {
                 "id":44,
                 "properties":[
                        {
                         "name":"collides",
                         "type":"bool",
                         "value":true
                        }]
                }, 
                {
                 "id":46,
                 "properties":[
                        {
                         "name":"collides",
                         "type":"bool",
                         "value":true
                        }]
                }, 
                {
                 "id":48,
                 "properties":[
                        {
                         "name":"collides",
                         "type":"bool",
                         "value":true
                        }]
                }, 
                {
                 "id":49,
                 "properties":[
                        {
                         "name":"collides",
                         "type":"bool",
                         "value":true
                        }]
                }, 
                {
                 "id":50,
                 "properties":[
                        {
                         "name":"collides",
                         "type":"bool",
                         "value":true
                        }]
                }, 
                {
                 "id":53,
                 "properties":[
                        {
                         "name":"collides",
                         "type":"bool",
                         "value":true
                        }]
                }, 
                {
                 "id":54,
                 "properties":[
                        {
                         "name":"collides",
                         "type":"bool",
                         "value":true
                        }]
                }, 
                {
                 "id":55,
                 "properties":[
                        {
                         "name":"collides",
                         "type":"bool",
                         "value":true
                        }]
                }],
         "tilewidth":16
        }],
 "tilewidth":16,
 "type":"map",
 "version":1.2,
 "width":22
}