{ "height":13,
 "infinite":false,
 "layers":[
        {
         "data":[0, 0, 0, 0, 0, 0, 0, 0, 0, 0, 0, 0, 0, 0, 0, 0, 0, 0, 0, 0, 27, 0, 2, 17, 2, 2, 36, 18, 37, 2, 17, 2, 2, 36, 2, 2, 2, 38, 17, 37, 2147483666, 36, 34, 7, 9, 9, 9, 9, 43, 9, 44, 9, 45, 9, 9, 43, 9, 9, 9, 45, 9, 44, 9, 43, 9, 9, 25, 24, 23, 23, 23, 23, 23, 23, 24, 23, 23, 25, 24, 15, 16, 2147483663, 23, 23, 24, 23, 23, 25, 0, 0, 0, 0, 0, 0, 0, 0, 0, 0, 0, 0, 0, 50, 22, 2147483703, 0, 0, 0, 0, 0, 0, 21, 0, 60, 0, 0, 0, 60, 0, 0, 0, 0, 0, 0, 55, 2147483703, 0, 0, 0, 60, 18, 0, 0, 28, 0, 67, 2147483665, 0, 57, 13, 0, 0, 0, 60, 0, 0, 0, 0, 0, 3, 2147483651, 67, 28, 0, 0, 60, 0, 0, 28, 0, 64, 20, 0, 21, 0, 67, 0, 0, 0, 0, 0, 10, 2147483658, 0, 0, 0, 0, 67, 0, 0, 0, 0, 0, 51, 0, 28, 0, 0, 0, 0, 0, 0, 0, 0, 0, 0, 0, 0, 0, 0, 0, 0, 0, 3, 36, 51, 0, 0, 0, 60, 0, 2147483666, 17, 60, 0, 0, 0, 60, 0, 0, 0, 0, 0, 0, 0, 10, 43, 51, 0, 0, 0, 13, 0, 10, 2147483658, 13, 0, 0, 0, 13, 0, 27, 0, 18, 14, 37, 2147483649, 5, 6, 51, 5, 6, 2147483653, 20, 5, 6, 2147483653, 20, 5, 6, 2147483653, 20, 37, 34, 7, 9, 9, 44, 2147483656, 12, 13, 51, 12, 13, 2147483660, 51, 12, 13, 2147483660, 51, 12, 13, 2147483660, 51, 44, 45, 9],
         "height":13,
         "id":1,
         "name":"Tiles",
         "opacity":1,
         "type":"tilelayer",
         "visible":true,
         "width":22,
         "x":0,
         "y":0
        }],
 "nextlayerid":2,
 "nextobjectid":1,
 "orientation":"orthogonal",
 "renderorder":"right-down",
 "tiledversion":"1.2.4",
 "tileheight":16,
 "tilesets":[
        {
         "columns":7,
         "firstgid":1,
         "image":"..\/..\/..\/tileset.png",
         "imageheight":160,
         "imagewidth":112,
         "margin":0,
         "name":"tileset",
         "spacing":0,
         "tilecount":70,
         "tileheight":16,
         "tiles":[
                {
                 "id":7,
                 "properties":[
                        {
                         "name":"collides",
                         "type":"bool",
                         "value":true
                        }]
                }, 
                {
                 "id":8,
                 "properties":[
                        {
                         "name":"collides",
                         "type":"bool",
                         "value":true
                        }]
                }, 
                {
                 "id":9,
                 "properties":[
                        {
                         "name":"collides",
                         "type":"bool",
                         "value":true
                        }]
                }, 
                {
                 "id":10,
                 "properties":[
                        {
                         "name":"collides",
                         "type":"bool",
                         "value":true
                        }]
                }, 
                {
                 "id":14,
                 "properties":[
                        {
                         "name":"collides",
                         "type":"bool",
                         "value":true
                        }]
                }, 
                {
                 "id":15,
                 "properties":[
                        {
                         "name":"collides",
                         "type":"bool",
                         "value":true
                        }]
                }, 
                {
                 "id":21,
                 "properties":[
                        {
                         "name":"collides",
                         "type":"bool",
                         "value":true
                        }]
                }, 
                {
                 "id":27,
                 "properties":[
                        {
                         "name":"collides",
                         "type":"bool",
                         "value":true
                        }]
                }, 
                {
                 "id":28,
                 "properties":[
                        {
                         "name":"collides",
                         "type":"bool",
                         "value":true
                        }]
                }, 
                {
                 "id":30,
                 "properties":[
                        {
                         "name":"collides",
                         "type":"bool",
                         "value":true
                        }]
                }, 
                {
                 "id":31,
                 "properties":[
                        {
                         "name":"collides",
                         "type":"bool",
                         "value":true
                        }]
                }, 
                {
                 "id":32,
                 "properties":[
                        {
                         "name":"collides",
                         "type":"bool",
                         "value":true
                        }]
                }, 
                {
                 "id":42,
                 "properties":[
                        {
                         "name":"collides",
                         "type":"bool",
                         "value":true
                        }]
                }, 
                {
                 "id":43,
                 "properties":[
                        {
                         "name":"collides",
                         "type":"bool",
                         "value":true
                        }]
                }, 
                {
                 "id":44,
                 "properties":[
                        {
                         "name":"collides",
                         "type":"bool",
                         "value":true
                        }]
                }, 
                {
                 "id":46,
                 "properties":[
                        {
                         "name":"collides",
                         "type":"bool",
                         "value":true
                        }]
                }, 
                {
                 "id":48,
                 "properties":[
                        {
                         "name":"collides",
                         "type":"bool",
                         "value":true
                        }]
                }, 
                {
                 "id":49,
                 "properties":[
                        {
                         "name":"collides",
                         "type":"bool",
                         "value":true
                        }]
                }, 
                {
                 "id":50,
                 "properties":[
                        {
                         "name":"collides",
                         "type":"bool",
                         "value":true
                        }]
                }, 
                {
                 "id":53,
                 "properties":[
                        {
                         "name":"collides",
                         "type":"bool",
                         "value":true
                        }]
                }, 
                {
                 "id":54,
                 "properties":[
                        {
                         "name":"collides",
                         "type":"bool",
                         "value":true
                        }]
                }, 
                {
                 "id":55,
                 "properties":[
                        {
                         "name":"collides",
                         "type":"bool",
                         "value":true
                        }]
                }],
         "tilewidth":16
        }],
 "tilewidth":16,
 "type":"map",
 "version":1.2,
 "width":22
}